Date;Open;High;Low;Close;Adj;Volume
43102;2683;2695;2682;2695;2695;3367250000
43103;2697;2714;2697;2713;2713;3538660000
43104;2719;2729;2719;2723;2723;3695260000
43105;2731;2743;2727;2743;2743;3236620000
43108;2742;2748;2737;2747;2747;3242650000
43109;2751;2759;2747;2751;2751;3453480000
43110;2745;2750;2736;2748;2748;3576350000
43111;2752;2767;2752;2767;2767;3641320000
43112;2770;2787;2769;2786;2786;3573970000
43116;2798;2807;2768;2776;2776;4325970000
43117;2784;2807;2778;2802;2802;3778050000
43118;2802;2805;2792;2798;2798;3681470000
43119;2802;2810;2798;2810;2810;3639430000
43122;2809;2833;2808;2832;2832;3471780000
43123;2835;2842;2830;2839;2839;3519650000
43124;2845;2852;2824;2837;2837;4014070000
43125;2846;2848;2830;2839;2839;3835150000
43126;2847;2872;2846;2872;2872;3443230000
43129;2867;2870;2851;2853;2853;3573830000
43130;2832;2837;2818;2822;2822;3990650000
43131;2832;2839;2813;2823;2823;4261280000
43132;2816;2835;2812;2821;2821;3938450000
43133;2808;2808;2759;2762;2762;4301130000
43136;2741;2763;2638;2648;2648;5283460000
43137;2614;2701;2593;2695;2695;5891660000
43138;2690;2727;2681;2681;2681;4626570000
43139;2685;2685;2580;2581;2581;5305440000
43140;2601;2638;2532;2619;2619;5680070000
43143;2636;2672;2622;2656;2656;4055790000
43144;2646;2668;2637;2662;2662;3472870000
43145;2651;2702;2648;2698;2698;4003740000
43146;2713;2731;2689;2731;2731;3684910000
43147;2727;2754;2725;2732;2732;3637460000
43151;2722;2737;2706;2716;2716;3627610000
43152;2720;2747;2701;2701;2701;3779400000
43153;2710;2731;2697;2703;2703;3701270000
43154;2715;2747;2713;2747;2747;3189190000
43157;2757;2780;2753;2779;2779;3424650000
43158;2780;2789;2744;2744;2744;3745080000
43159;2753;2761;2713;2713;2713;4230660000
43160;2715;2730;2659;2677;2677;4503970000
43161;2658;2696;2647;2691;2691;3882450000
43164;2681;2728;2675;2720;2720;3710810000
43165;2730;2732;2711;2728;2728;3370690000
43166;2710;2730;2701;2726;2726;3393270000
43167;2732;2740;2722;2738;2738;3212320000
43168;2752;2786;2751;2786;2786;3364100000
43171;2790;2796;2779;2783;2783;3185020000
43172;2792;2801;2758;2765;2765;3301650000
43173;2774;2777;2744;2749;2749;3391360000
43174;2754;2763;2741;2747;2747;3500330000
43175;2750;2761;2749;2752;2752;5372340000
43178;2741;2741;2694;2712;2712;3302130000
43179;2715;2724;2710;2716;2716;3261030000
43180;2714;2739;2709;2711;2711;3415510000
43181;2691;2695;2641;2643;2643;3739800000
43182;2646;2657;2585;2588;2588;3815080000
43185;2619;2661;2601;2658;2658;3511100000
43186;2667;2674;2596;2612;2612;3706350000
43187;2611;2632;2593;2605;2605;3864500000
43188;2614;2659;2609;2640;2640;3565990000
43192;2633;2638;2553;2581;2581;3598520000
43193;2592;2619;2575;2614;2614;3392810000
43194;2584;2649;2573;2644;2644;3350340000
43195;2657;2672;2649;2662;2662;3178970000
43196;2645;2656;2586;2604;2604;3299700000
43199;2617;2653;2610;2613;2613;3062960000
43200;2638;2665;2635;2656;2656;3543930000
43201;2643;2661;2639;2642;2642;3020760000
43202;2653;2674;2653;2663;2663;3021320000
43203;2676;2680;2645;2656;2656;2960910000
43206;2670;2686;2665;2677;2677;3019700000
43207;2692;2713;2692;2706;2706;3234360000
43208;2710;2717;2703;2708;2708;3383410000
43209;2701;2702;2681;2693;2693;3349370000
43210;2692;2693;2660;2670;2670;3388590000
43213;2675;2682;2657;2670;2670;3017480000
43214;2680;2683;2617;2634;2634;3706740000
43215;2634;2645;2612;2639;2639;3499440000
43216;2651;2676;2647;2666;2666;3665720000
43217;2675;2677;2659;2669;2669;3219030000
43220;2682;2682;2648;2648;2648;3734530000
43221;2642;2655;2625;2654;2654;3559850000
43222;2654;2660;2631;2635;2635;4010770000
43223;2628;2637;2594;2629;2629;3851470000
43224;2621;2670;2615;2663;2663;3327220000
43227;2680;2683;2664;2672;2672;3237960000
43228;2670;2676;2655;2671;2671;3717570000
43229;2678;2701;2674;2697;2697;3909500000
43230;2705;2726;2704;2723;2723;3333050000
43231;2722;2732;2717;2727;2727;2862700000
43234;2738;2742;2725;2730;2730;2972660000
43235;2718;2718;2701;2711;2711;3290680000
43236;2712;2727;2712;2722;2722;3202670000
43237;2719;2731;2711;2720;2720;3475400000
43238;2717;2719;2709;2712;2712;3368690000
43241;2735;2739;2725;2733;2733;3019890000
43242;2738;2742;2721;2724;2724;3366310000
43243;2713;2733;2709;2733;2733;3326290000
43244;2730;2731;2707;2727;2727;3256030000
43245;2723;2727;2714;2721;2721;2995260000
43249;2705;2710;2676;2689;2689;3736890000
43250;2702;2729;2702;2724;2724;3561050000
43251;2720;2722;2700;2705;2705;4235370000
43252;2718;2736;2718;2734;2734;3684130000
43255;2741;2749;2740;2746;2746;3376510000
43256;2748;2752;2739;2748;2748;3517790000
43257;2753;2772;2748;2772;2772;3651640000
43258;2774;2779;2760;2770;2770;3711330000
43259;2765;2779;2763;2779;2779;3123210000
43262;2780;2790;2780;2782;2782;3232330000
43263;2785;2789;2778;2786;2786;3401010000
43264;2787;2791;2774;2775;2775;3779230000
43265;2783;2789;2776;2782;2782;3526890000
43266;2777;2782;2761;2779;2779;5428790000
43269;2765;2774;2757;2773;2773;3287150000
43270;2752;2765;2743;2762;2762;3661470000
43271;2769;2774;2763;2767;2767;3327600000
43272;2769;2769;2744;2749;2749;3300060000
43273;2760;2764;2752;2754;2754;5450550000
43276;2742;2742;2698;2717;2717;3655080000
43277;2722;2732;2715;2723;2723;3555090000
43278;2728;2746;2699;2699;2699;3776090000
43279;2698;2724;2691;2716;2716;3428140000
43280;2727;2743;2718;2718;2718;3565620000
43283;2704;2727;2698;2726;2726;3073650000
43284;2733;2736;2711;2713;2713;1911470000
43286;2724;2737;2716;2736;2736;2953420000
43287;2737;2764;2733;2759;2759;2554780000
43290;2775;2784;2770;2784;2784;3050040000
43291;2788;2795;2786;2793;2793;3063850000
43292;2779;2785;2770;2774;2774;2964740000
43293;2783;2799;2781;2798;2798;2821690000
43294;2796;2804;2791;2801;2801;2614000000
43297;2797;2801;2793;2798;2798;2812230000
43298;2789;2814;2789;2809;2809;3050730000
43299;2811;2816;2805;2815;2815;3089780000
43300;2809;2812;2799;2804;2804;3266700000
43301;2804;2809;2800;2801;2801;3230210000
43304;2799;2808;2795;2806;2806;2907430000
43305;2820;2829;2811;2820;2820;3417530000
43306;2817;2848;2817;2846;2846;3553010000
43307;2835;2845;2835;2837;2837;3653330000
43308;2842;2843;2808;2818;2818;3415710000
43311;2819;2821;2798;2802;2802;3245770000
43312;2809;2824;2808;2816;2816;3892100000
43313;2821;2825;2805;2813;2813;3496990000
43314;2800;2829;2796;2827;2827;3467380000
43315;2829;2840;2827;2840;2840;3030390000
43318;2840;2853;2835;2850;2850;2874540000
43319;2855;2863;2855;2858;2858;3162770000
43320;2856;2862;2853;2857;2857;2972200000
43321;2857;2862;2851;2853;2853;3047050000
43322;2838;2842;2825;2833;2833;3256040000
43325;2835;2843;2819;2821;2821;3158450000
43326;2827;2843;2826;2839;2839;2976970000
43327;2827;2827;2802;2818;2818;3645070000
43328;2831;2850;2831;2840;2840;3219880000
43329;2838;2855;2833;2850;2850;3024100000
43332;2853;2859;2850;2857;2857;2748020000
43333;2861;2873;2861;2862;2862;3147140000
43334;2860;2867;2856;2861;2861;2689560000
43335;2860;2868;2854;2856;2856;2713910000
43336;2862;2876;2862;2874;2874;2596190000
43339;2884;2898;2884;2896;2896;2854080000
43340;2901;2903;2893;2897;2897;2683190000
43341;2900;2916;2898;2914;2914;2791860000
43342;2908;2912;2895;2901;2901;2802180000
43343;2898;2906;2891;2901;2901;2880260000
43347;2896;2900;2885;2896;2896;3077060000
43348;2891;2894;2876;2888;2888;3241250000
43349;2888;2892;2867;2878;2878;3139590000
43350;2868;2883;2864;2871;2871;2946270000
43353;2881;2886;2875;2877;2877;2731400000
43354;2871;2892;2866;2887;2887;2899660000
43355;2888;2894;2879;2888;2888;3264930000
43356;2896;2906;2896;2904;2904;3254930000
43357;2906;2908;2895;2904;2904;3149800000
43360;2903;2904;2886;2888;2888;2947760000
43361;2890;2911;2890;2904;2904;3074610000
43362;2906;2912;2903;2907;2907;3280020000
43363;2919;2934;2919;2930;2930;3337730000
43364;2936;2940;2927;2929;2929;5607610000
43367;2921;2923;2912;2919;2919;3372210000
43368;2921;2923;2913;2915;2915;3285480000
43369;2916;2931;2903;2905;2905;3388620000
43370;2911;2927;2909;2914;2914;3060850000
43371;2910;2920;2907;2913;2913;3432300000
43374;2926;2937;2917;2924;2924;3364190000
43375;2923;2931;2919;2923;2923;3401880000
43376;2931;2939;2921;2925;2925;3598710000
43377;2919;2919;2883;2901;2901;3496860000
43378;2902;2909;2869;2885;2885;3328980000
43381;2877;2889;2862;2884;2884;3330320000
43382;2882;2894;2874;2880;2880;3520500000
43383;2873;2874;2784;2785;2785;4501250000
43384;2776;2795;2710;2728;2728;4890630000
43385;2770;2775;2729;2767;2767;3966040000
43388;2763;2775;2749;2750;2750;3300140000
43389;2767;2813;2766;2809;2809;3428340000
43390;2811;2816;2781;2809;2809;3321710000
43391;2802;2806;2755;2768;2768;3616440000
43392;2775;2797;2760;2767;2767;3566490000
43395;2773;2778;2749;2755;2755;3307140000
43396;2721;2753;2691;2740;2740;4348580000
43397;2737;2742;2651;2656;2656;4709310000
43398;2674;2722;2667;2705;2705;4634770000
43399;2667;2692;2628;2658;2658;4803150000
43402;2682;2706;2603;2641;2641;4673700000
43403;2640;2685;2635;2682;2682;5106380000
43404;2705;2736;2705;2711;2711;5112420000
43405;2717;2741;2708;2740;2740;4708420000
43406;2745;2756;2700;2723;2723;4237930000
43409;2726;2744;2717;2738;2738;3623320000
43410;2738;2756;2737;2755;2755;3510860000
43411;2774;2815;2774;2813;2813;3914750000
43412;2806;2814;2794;2806;2806;3630490000
43413;2794;2794;2764;2781;2781;4019090000
43416;2773;2775;2722;2726;2726;3670930000
43417;2730;2754;2714;2722;2722;4091440000
43418;2737;2746;2685;2701;2701;4402370000
43419;2693;2735;2670;2730;2730;4179140000
43420;2718;2746;2712;2736;2736;3975180000
43423;2730;2733;2681;2690;2690;3772900000
43424;2654;2669;2631;2641;2641;4357900000
43425;2657;2670;2649;2649;2649;3233550000
43427;2633;2647;2631;2632;2632;1651650000
43430;2649;2674;2649;2673;2673;3443950000
43431;2663;2682;2655;2682;2682;3485220000
43432;2691;2744;2684;2743;2743;3951670000
43433;2736;2753;2722;2737;2737;3560770000
43434;2737;2760;2732;2760;2760;4658580000
43437;2790;2800;2773;2790;2790;4186060000
43438;2782;2785;2697;2700;2700;4499840000
43440;2663;2696;2621;2695;2695;5141470000
43441;2691;2708;2623;2633;2633;4216690000
43444;2630;2647;2583;2637;2637;4151030000
43445;2664;2674;2621;2636;2636;3905870000
43446;2658;2685;2650;2651;2651;3958890000
43447;2658;2670;2637;2650;2650;3927720000
43448;2629;2635;2593;2599;2599;4035020000
43451;2590;2601;2530;2545;2545;4616350000
43452;2559;2573;2528;2546;2546;4470880000
43453;2547;2585;2488;2506;2506;5127940000
43454;2496;2509;2441;2467;2467;5585780000
43455;2465;2504;2408;2416;2416;7609010000
43458;2400;2410;2351;2351;2351;2613930000
43460;2363;2467;2346;2467;2467;4233990000
43461;2442;2489;2397;2488;2488;4096610000
43462;2498;2520;2472;2485;2485;3702620000
43465;2498;2509;2482;2506;2506;3442870000
43467;2476;2519;2467;2510;2510;3733160000
43468;2491;2493;2443;2447;2447;3822860000
43469;2474;2538;2474;2531;2531;4213410000
43472;2535;2566;2524;2549;2549;4104710000
43473;2568;2579;2547;2574;2574;4083030000
43474;2580;2595;2568;2584;2584;4052480000
43475;2573;2597;2562;2596;2596;3704500000
43476;2588;2596;2577;2596;2596;3434490000
43479;2580;2589;2570;2582;2582;3664450000
43480;2585;2613;2585;2610;2610;3572330000
43481;2614;2625;2612;2616;2616;3863770000
43482;2609;2645;2606;2635;2635;3772270000
43483;2651;2675;2647;2670;2670;3986730000
43487;2657;2657;2617;2632;2632;3908030000
43488;2643;2653;2612;2638;2638;3335610000
43489;2638;2647;2627;2642;2642;3433250000
43490;2657;2672;2657;2664;2664;3814080000
43493;2644;2644;2624;2643;2643;3612810000
43494;2644;2650;2631;2640;2640;3504200000
43495;2653;2690;2648;2681;2681;3867810000
43496;2685;2708;2678;2704;2704;4917650000
43497;2702;2716;2696;2706;2706;3759270000
43500;2706;2724;2698;2724;2724;3359840000
43501;2728;2738;2724;2737;2737;3560430000
43502;2735;2738;2724;2731;2731;3472690000
43503;2717;2719;2687;2706;2706;4099490000
43504;2692;2708;2681;2707;2707;3622330000
43507;2712;2718;2703;2709;2709;3361970000
43508;2722;2748;2722;2744;2744;3827770000
43509;2750;2761;2748;2753;2753;3670770000
43510;2743;2757;2731;2745;2745;3836700000
43511;2760;2775;2760;2775;2775;3641370000
43515;2769;2787;2767;2779;2779;3533710000
43516;2779;2789;2774;2784;2784;3835450000
43517;2780;2781;2764;2774;2774;3559710000
43518;2780;2794;2779;2792;2792;3427810000
43521;2804;2813;2794;2796;2796;3804380000
43522;2792;2803;2789;2793;2793;3645680000
43523;2787;2795;2775;2792;2792;3767130000
43524;2788;2793;2782;2784;2784;4396930000
43525;2798;2808;2787;2803;2803;3972280000
43528;2814;2816;2767;2792;2792;3919810000
43529;2794;2796;2782;2789;2789;3585690000
43530;2790;2790;2768;2771;2771;3786600000
43531;2766;2767;2739;2748;2748;3904860000
43532;2730;2744;2722;2743;2743;3423130000
43535;2747;2784;2747;2783;2783;3749030000
43536;2787;2798;2786;2791;2791;3414230000
43537;2799;2821;2799;2810;2810;3766150000
43538;2810;2815;2803;2808;2808;3469730000
43539;2810;2830;2810;2822;2822;5962730000
43542;2822;2835;2821;2832;2832;3552190000
43543;2840;2852;2823;2832;2832;3620220000
43544;2831;2843;2812;2824;2824;3771200000
43545;2819;2860;2817;2854;2854;3546800000
43546;2844;2846;2800;2800;2800;4237200000
43549;2796;2809;2785;2798;2798;3376580000
43550;2812;2829;2803;2818;2818;3266050000
43551;2819;2825;2787;2805;2805;3372930000
43552;2809;2819;2798;2815;2815;3158170000
43553;2828;2836;2819;2834;2834;3740700000
43556;2848;2869;2848;2867;2867;3500760000
43557;2868;2872;2858;2867;2867;3246900000
43558;2876;2885;2865;2873;2873;3550240000
43559;2873;2881;2867;2879;2879;3015180000
43560;2884;2893;2882;2892;2892;3146820000
43563;2888;2895;2880;2895;2895;3054030000
43564;2886;2886;2873;2878;2878;3007980000
43565;2881;2889;2879;2888;2888;3062380000
43566;2891;2893;2881;2888;2888;2938540000
43567;2900;2910;2898;2907;2907;3688490000
43570;2908;2909;2896;2905;2905;3088330000
43571;2912;2916;2900;2907;2907;3402210000
43572;2916;2918;2895;2900;2900;3602300000
43573;2904;2908;2891;2905;2905;3506850000
43577;2898;2909;2896;2907;2907;2997950000
43578;2909;2936;2908;2933;2933;3635030000
43579;2934;2936;2926;2927;2927;3448960000
43580;2928;2933;2912;2926;2926;3425280000
43581;2925;2939;2917;2939;2939;3248500000
43584;2940;2949;2939;2943;2943;3118780000
43585;2937;2948;2924;2945;2945;3919330000
43586;2952;2954;2923;2923;2923;3645850000
43587;2922;2931;2900;2917;2917;3778890000
43588;2929;2947;2929;2945;2945;3338120000
43591;2908;2937;2898;2932;2932;3181520000
43592;2913;2913;2862;2884;2884;3767100000
43593;2879;2897;2873;2879;2879;3485790000
43594;2859;2875;2836;2870;2870;3638820000
43595;2863;2891;2825;2881;2881;3529600000
43598;2840;2840;2801;2811;2811;3894030000
43599;2820;2852;2820;2834;2834;3322720000
43600;2820;2858;2815;2850;2850;3125950000
43601;2855;2892;2855;2876;2876;3338060000
43602;2858;2885;2854;2859;2859;3257950000
43605;2841;2853;2831;2840;2840;3288870000
43606;2854;2868;2854;2864;2864;3218700000
43607;2856;2865;2851;2856;2856;3192510000
43608;2836;2836;2805;2822;2822;3891980000
43609;2832;2841;2820;2826;2826;2887390000
43613;2830;2840;2801;2802;2802;4121410000
43614;2790;2792;2766;2783;2783;3700050000
43615;2786;2799;2776;2788;2788;3273790000
43616;2766;2768;2750;2752;2752;3981020000
43619;2751;2763;2728;2744;2744;3943810000
43620;2762;2804;2762;2803;2803;3810430000
43621;2818;2827;2800;2826;2826;3548830000
43622;2828;2852;2822;2843;2843;3396410000
43623;2852;2884;2852;2873;2873;3220250000
43626;2885;2904;2885;2886;2886;3209210000
43627;2903;2910;2878;2885;2885;3548420000
43628;2882;2888;2874;2879;2879;3034130000
43629;2886;2895;2881;2891;2891;3069810000
43630;2886;2894;2879;2886;2886;2922330000
43633;2889;2897;2887;2889;2889;2810140000
43634;2906;2930;2905;2917;2917;3437620000
43635;2920;2931;2911;2926;2926;3287890000
43636;2949;2958;2931;2954;2954;3905940000
43637;2952;2964;2946;2950;2950;5000120000
43640;2951;2954;2944;2945;2945;3136250000
43641;2945;2946;2916;2917;2917;3578050000
43642;2926;2932;2912;2913;2913;3478130000
43643;2919;2929;2918;2924;2924;3122920000
43644;2932;2943;2929;2941;2941;5420700000
43647;2971;2977;2952;2964;2964;3513270000
43648;2964;2973;2955;2973;2973;3206840000
43649;2978;2995;2977;2995;2995;1963720000
43651;2984;2994;2967;2990;2990;2434210000
43654;2979;2980;2970;2975;2975;2904550000
43655;2965;2981;2963;2979;2979;3028210000
43656;2989;3002;2984;2993;2993;3154240000
43657;2999;3002;2988;2999;2999;3154620000
43658;3003;3013;3001;3013;3013;2974960000
43661;3017;3017;3008;3014;3014;2874970000
43662;3012;3015;3001;3004;3004;3290650000
43663;3005;3005;2984;2984;2984;3181600000
43664;2978;2998;2973;2995;2995;3296580000
43665;3004;3006;2975;2976;2976;3260360000
43668;2981;2990;2976;2985;2985;3003720000
43669;2994;3005;2988;3005;3005;3313660000
43670;2998;3019;2996;3019;3019;3428980000
43671;3016;3016;2997;3003;3003;3645270000
43672;3013;3027;3012;3025;3025;3257590000
43675;3024;3025;3014;3020;3020;3203710000
43676;3007;3017;3000;3013;3013;3634330000
43677;3016;3017;2958;2980;2980;4623430000
43678;2980;3013;2945;2953;2953;4762300000
43679;2943;2945;2914;2932;2932;3874660000
43682;2898;2898;2822;2844;2844;4513730000
43683;2861;2884;2847;2881;2881;4154240000
43684;2858;2892;2825;2883;2883;4491750000
43685;2896;2938;2894;2938;2938;4106370000
43686;2930;2935;2900;2918;2918;3350640000
43689;2907;2907;2873;2882;2882;2851630000
43690;2880;2943;2877;2926;2926;3853600000
43691;2894;2894;2839;2840;2840;4312530000
43692;2846;2856;2825;2847;2847;4038000000
43693;2864;2893;2864;2888;2888;3498150000
43696;2913;2931;2913;2923;2923;3212880000
43697;2919;2923;2899;2900;2900;3066300000
43698;2922;2928;2917;2924;2924;3011190000
43699;2930;2939;2904;2922;2922;2890880000
43700;2911;2927;2834;2847;2847;3937300000
43703;2866;2879;2856;2878;2878;2857600000
43704;2893;2898;2860;2869;2869;3533630000
43705;2861;2890;2853;2887;2887;3097420000
43706;2910;2930;2905;2924;2924;3176190000
43707;2937;2940;2913;2926;2926;3008450000
43711;2909;2914;2891;2906;2906;3426790000
43712;2924;2938;2921;2937;2937;3163260000
43713;2960;2985;2960;2976;2976;3890700000
43714;2980;2985;2972;2978;2978;3208280000
43717;2988;2989;2969;2978;2978;4002890000
43718;2971;2979;2957;2979;2979;4390770000
43719;2981;3000;2975;3000;3000;3927550000
43720;3009;3020;3000;3009;3009;3791860000
43721;3012;3017;3002;3007;3007;3520060000
43724;2996;3002;2990;2997;2997;4274640000
43725;2995;3006;2993;3005;3005;3671840000
43726;3001;3007;2978;3006;3006;3435540000
43727;3010;3021;3003;3006;3006;3251290000
43728;3008;3016;2984;2992;2992;6094740000
43731;2983;2999;2982;2991;2991;3186590000
43732;3002;3007;2957;2966;2966;3868160000
43733;2968;2989;2952;2984;2984;3318870000
43734;2985;2987;2963;2977;2977;3077240000
43735;2985;2987;2945;2961;2961;3243650000
43738;2967;2983;2967;2976;2976;3247610000
43739;2983;2992;2938;2940;2940;3558040000
43740;2924;2924;2874;2887;2887;3912520000
43741;2885;2911;2855;2910;2910;3503640000
43742;2918;2953;2918;2952;2952;2990830000
43745;2944;2959;2935;2938;2938;2940140000
43746;2920;2925;2892;2893;2893;3356450000
43747;2911;2929;2907;2919;2919;2726820000
43748;2918;2948;2917;2938;2938;3217250000
43749;2963;2993;2963;2970;2970;3580460000
43752;2965;2972;2962;2966;2966;2557020000
43753;2973;3003;2973;2995;2995;3340740000
43754;2989;2997;2985;2989;2989;3222570000
43755;3000;3008;2991;2997;2997;3115960000
43756;2996;3000;2976;2986;2986;3264290000
43759;2996;3007;2995;3006;3006;3271620000
43760;3010;3014;2995;2995;2995;3523890000
43761;2994;3004;2991;3004;3004;3392870000
43762;3014;3016;3000;3010;3010;3692600000
43763;3003;3027;3001;3022;3022;3370370000
43766;3032;3044;3032;3039;3039;3521230000
43767;3035;3047;3034;3036;3036;3589930000
43768;3039;3050;3025;3046;3046;3776030000
43769;3046;3046;3023;3037;3037;4139280000
43770;3050;3066;3050;3066;3066;3930200000
43773;3078;3085;3074;3078;3078;4146850000
43774;3080;3083;3072;3074;3074;4486130000
43775;3075;3078;3065;3076;3076;4458190000
43776;3087;3097;3080;3085;3085;4144640000
43777;3081;3093;3073;3093;3093;3499150000
43780;3080;3088;3075;3087;3087;3035530000
43781;3089;3102;3084;3091;3091;3466010000
43782;3084;3098;3078;3094;3094;3509280000
43783;3090;3098;3083;3096;3096;3276070000
43784;3107;3120;3104;3120;3120;3335650000
43787;3117;3124;3112;3122;3122;3436690000
43788;3127;3127;3113;3120;3120;3590070000
43789;3114;3118;3091;3108;3108;4034890000
43790;3108;3110;3094;3103;3103;3720560000
43791;3111;3112;3099;3110;3110;3226780000
43794;3117;3133;3117;3133;3133;3511530000
43795;3134;3142;3131;3140;3140;4595590000
43796;3145;3154;3143;3153;3153;3033090000
43798;3147;3150;3139;3140;3140;1743020000
43801;3143;3144;3110;3113;3113;3268740000
43802;3087;3094;3070;3093;3093;3653390000
43803;3103;3119;3102;3112;3112;3695030000
43804;3119;3119;3103;3117;3117;3355750000
43805;3134;3150;3134;3145;3145;3479480000
43808;3141;3148;3135;3135;3135;3345990000
43809;3135;3142;3126;3132;3132;3343790000
43810;3135;3143;3133;3141;3141;3252540000
43811;3141;3176;3138;3168;3168;3990690000
43812;3166;3182;3156;3168;3168;3736870000
43815;3183;3197;3183;3191;3191;4051790000
43816;3195;3198;3191;3192;3192;3837540000
43817;3195;3198;3191;3191;3191;4014080000
43818;3192;3205;3192;3205;3205;3720450000
43819;3223;3225;3216;3221;3221;6454270000
43822;3226;3227;3222;3224;3224;3060610000
43823;3225;3226;3220;3223;3223;1296540000
43825;3227;3240;3227;3239;3239;2160680000
43826;3247;3247;3234;3240;3240;2428670000
43829;3240;3240;3216;3221;3221;3013290000
43830;3215;3231;3212;3230;3230;2893810000
43832;3244;3258;3235;3257;3257;3458250000
43833;3226;3246;3222;3234;3234;3461290000
43836;3217;3246;3214;3246;3246;3674070000
43837;3241;3244;3232;3237;3237;3420380000
43838;3238;3267;3236;3253;3253;3720890000
43839;3266;3275;3263;3274;3274;3638390000
43840;3281;3282;3260;3265;3265;3212970000
43843;3271;3288;3268;3288;3288;3456380000
43844;3285;3294;3277;3283;3283;3665130000
43845;3282;3298;3280;3289;3289;3716840000
43846;3302;3317;3302;3316;3316;3535080000
43847;3323;3329;3318;3329;3329;3698170000
43851;3321;3329;3316;3320;3320;4105340000
43852;3330;3337;3320;3321;3321;3619850000
43853;3315;3326;3301;3325;3325;3764860000
43854;3333;3333;3281;3295;3295;3707130000
43857;3247;3258;3234;3243;3243;3823100000
43858;3255;3285;3253;3276;3276;3526720000
43859;3289;3293;3271;3273;3273;3584500000
43860;3256;3285;3242;3283;3283;3787250000
43861;3282;3282;3214;3225;3225;4527830000
43864;3235;3268;3235;3248;3248;3757910000
43865;3280;3306;3280;3297;3297;3995320000
43866;3324;3337;3313;3334;3334;4117730000
43867;3344;3347;3334;3345;3345;3868370000
43868;3335;3341;3322;3327;3327;3730650000
43871;3318;3352;3317;3352;3352;3450350000
43872;3365;3375;3352;3357;3357;3760550000
43873;3370;3381;3369;3379;3379;3926380000
43874;3365;3385;3360;3373;3373;3498240000
43875;3378;3380;3366;3380;3380;3398040000
43879;3369;3375;3355;3370;3370;3746720000
43880;3380;3393;3378;3386;3386;3600150000
43881;3380;3389;3341;3373;3373;4007320000
43882;3360;3360;3328;3337;3337;3899270000
43885;3257;3259;3214;3225;3225;4842960000
43886;3238;3246;3118;3128;3128;5591510000
43887;3139;3182;3108;3116;3116;5478110000
43888;3062;3097;2977;2978;2978;7058840000
43889;2916;2959;2855;2954;2954;8563850000
43892;2974;3090;2945;3090;3090;6376400000
43893;3096;3136;2976;3003;3003;6355940000
43894;3045;3130;3034;3130;3130;5035480000
43895;3075;3083;2999;3023;3023;5575550000
43896;2954;2985;2901;2972;2972;6552140000
43899;2863;2863;2734;2746;2746;8423050000
43900;2813;2882;2734;2882;2882;7635960000
43901;2825;2825;2707;2741;2741;7374110000
43902;2630;2660;2478;2480;2480;8829380000
43903;2569;2711;2492;2711;2711;8258670000
43906;2508;2562;2380;2386;2386;7781540000
43907;2425;2553;2367;2529;2529;8358500000
43908;2436;2453;2280;2398;2398;8755780000
43909;2393;2466;2319;2409;2409;7946710000
43910;2431;2453;2295;2304;2304;9044690000
43913;2290;2300;2191;2237;2237;7402180000
43914;2344;2449;2344;2447;2447;7547350000
43915;2457;2571;2407;2475;2475;8285670000
43916;2501;2637;2500;2630;2630;7753160000
43917;2555;2615;2520;2541;2541;6194330000
43920;2558;2631;2545;2626;2626;5746220000
43921;2614;2641;2571;2584;2584;6568290000
43922;2498;2522;2447;2470;2470;5947900000
43923;2458;2533;2455;2526;2526;6454990000
43924;2514;2538;2459;2488;2488;6087190000
43927;2578;2676;2574;2663;2663;6391860000
43928;2738;2756;2657;2659;2659;7040720000
43929;2685;2760;2663;2749;2749;5856370000
43930;2776;2818;2762;2789;2789;7880140000
43934;2782;2782;2721;2761;2761;5274310000
43935;2805;2851;2805;2846;2846;5567400000
43936;2795;2801;2761;2783;2783;5203390000
43937;2799;2806;2764;2799;2799;5179990000
43938;2842;2879;2830;2874;2874;5792140000
43941;2845;2868;2820;2823;2823;5220160000
43942;2784;2785;2727;2736;2736;5075830000
43943;2787;2815;2775;2799;2799;5049660000
43944;2810;2844;2794;2797;2797;5756520000
43945;2812;2842;2791;2836;2836;5374480000
43948;2854;2887;2852;2878;2878;5194260000
43949;2909;2921;2860;2863;2863;5672880000
43950;2918;2954;2912;2939;2939;6620140000
43951;2930;2930;2892;2912;2912;6523120000
43952;2869;2869;2821;2830;2830;4753160000
43955;2815;2844;2797;2842;2842;4723140000
43956;2868;2898;2863;2868;2868;5129590000
43957;2883;2891;2847;2848;2848;4861920000
43958;2878;2901;2876;2881;2881;5164640000
43959;2908;2932;2902;2929;2929;4857160000
43962;2915;2944;2903;2930;2930;4807320000
43963;2939;2945;2869;2870;2870;5107710000
43964;2865;2874;2793;2820;2820;6143130000
43965;2794;2852;2766;2852;2852;5641920000
43966;2829;2865;2816;2863;2863;5477040000
43969;2913;2968;2913;2953;2953;6364290000
43970;2948;2964;2922;2922;2922;4969330000
43971;2953;2980;2953;2971;2971;4992970000
43972;2969;2978;2938;2948;2948;4966940000
43973;2948;2956;2933;2955;2955;3952800000
43977;3004;3021;2988;2991;2991;5837060000
43978;3015;3036;2969;3036;3036;6371230000
43979;3046;3068;3023;3029;3029;5402670000
43980;3025;3049;2998;3044;3044;7275080000
43983;3038;3062;3031;3055;3055;4673410000
43984;3064;3081;3051;3080;3080;5187230000
43985;3098;3130;3098;3122;3122;5989560000
43986;3111;3128;3090;3112;3112;6428130000
43987;3163;3211;3163;3193;3193;8617590000
43990;3199;3233;3196;3232;3232;8437380000
43991;3213;3222;3193;3207;3207;6382620000
43992;3213;3223;3181;3190;3190;6570840000
43993;3123;3123;2999;3002;3002;7018890000
43994;3071;3088;2984;3041;3041;5832250000
43997;2993;3079;2965;3066;3066;5740660000
43998;3131;3153;3076;3124;3124;5829240000
43999;3136;3141;3108;3113;3113;4549390000
44000;3101;3120;3093;3115;3115;4429030000
44001;3140;3155;3083;3097;3097;8327780000
44004;3094;3120;3079;3117;3117;4665380000
44005;3138;3154;3127;3131;3131;4704830000
44006;3114;3115;3032;3050;3050;5587200000
44007;3046;3086;3024;3083;3083;4815420000
44008;3073;3073;3004;3009;3009;8098120000
44011;3018;3053;2999;3053;3053;4462770000
44012;3050;3111;3047;3100;3100;4696280000
44013;3105;3128;3101;3115;3115;4443130000
44014;3143;3165;3124;3130;3130;4190830000
44018;3155;3182;3155;3179;3179;4736450000
44019;3166;3184;3142;3145;3145;4563700000
44020;3153;3171;3136;3169;3169;4927700000
44021;3176;3179;3115;3152;3152;4829020000
44022;3152;3186;3136;3185;3185;4515340000
44025;3205;3235;3149;3155;3155;4890780000
44026;3141;3200;3127;3197;3197;4476170000
44027;3225;3238;3200;3226;3226;4669760000
44028;3208;3220;3198;3215;3215;3961230000
44029;3224;3233;3205;3224;3224;3993830000
44032;3224;3258;3215;3251;3251;3971200000
